[
    {
        "id": "1",
        "book": "java",
        "author": "Rabert T",
        "datepublished": "2012-04-23T18:25:43.511Z",
        "no_of_subscribe": 10,
        "no_of_unsubscribe": 5
    },
    {
        "id": "2",
        "book": "C++",
        "author": "Deva V",
        "datepublished": "2012-04-23T18:25:43.511Z",
        "no_of_subscribe": 10,
        "no_of_unsubscribe": 5
    },
    {
        "id": "3",
        "book": "python",
        "author": "Paul S",
        "datepublished": "2012-04-23T18:25:43.511Z",
        "no_of_subscribe": 10,
        "no_of_unsubscribe": 5
    },
    {
        "id": "4",
        "book": "javascript",
        "author": "Schrd T",
        "datepublished": "2012-04-23T18:25:43.511Z",
        "no_of_subscribe": 10,
        "no_of_unsubscribe": 5
    },
    {
        "id": "5",
        "book": "Ruby",
        "author": "Bala Swamy",
        "datepublished": "2012-04-23T18:25:43.511Z",
        "no_of_subscribe": 10,
        "no_of_unsubscribe": 5
    }
]